HSR Level 1,HSR Level 2,HSR Level 3,HSR Level 4,HSR Level 5,HSR Overall,SSR Level 1,SSR Level 2,SSR Level 3,SSR Level 4,SSR Level 5,SSR Overall,CSL Avg
67.578,68.2,61.822,51.302,44.598000000000006,58.7,67.578,71.974,69.74000000000001,61.129999999999995,61.08800000000001,66.302,2.0333333333333337
