{
    "HSR Levels": {
        "Level 1": 66.004,
        "Level 2": 58.07600000000001,
        "Level 3": 52.959999999999994,
        "Level 4": 45.154,
        "Level 5": 36.812,
        "Overall": 51.80120000000001
    },
    "SSR Levels": {
        "Level 1": 66.004,
        "Level 2": 65.728,
        "Level 3": 64.12,
        "Level 4": 57.593999999999994,
        "Level 5": 55.168000000000006,
        "Overall": 61.72280000000001
    },
    "CSL Average": 1.6666666666666667,
    "Type Completion Values": {
        "content": {
            "HSR": 39.2,
            "SSR": 45.105999999999995,
            "CSL": 1.8,
            "AverageCompletion": 42.153
        },
        "situation": {
            "HSR": 65.454,
            "SSR": 68.578,
            "CSL": 2.4,
            "AverageCompletion": 67.01599999999999
        },
        "style": {
            "HSR": 80.668,
            "SSR": 90.90200000000002,
            "CSL": 3.5,
            "AverageCompletion": 85.78500000000001
        },
        "format": {
            "HSR": 51.331999999999994,
            "SSR": 69.988,
            "CSL": 1.7,
            "AverageCompletion": 60.66
        },
        "example": {
            "HSR": 0.0,
            "SSR": 0.0,
            "CSL": 0.0,
            "AverageCompletion": 0.0
        },
        "mixed": {
            "HSR": 22.351999999999997,
            "SSR": 34.040000000000006,
            "CSL": 0.6,
            "AverageCompletion": 28.196
        }
    }
}