{
    "HSR Levels": {
        "Level 1": 71.69200000000001,
        "Level 2": 66.49,
        "Level 3": 51.324,
        "Level 4": 46.088,
        "Level 5": 45.082,
        "Overall": 56.13520000000001
    },
    "SSR Levels": {
        "Level 1": 71.69200000000001,
        "Level 2": 70.922,
        "Level 3": 62.41400000000001,
        "Level 4": 57.114,
        "Level 5": 60.552,
        "Overall": 64.53880000000001
    },
    "CSL Average": 1.9999999999999998,
    "Type Completion Values": {
        "content": {
            "HSR": 42.4,
            "SSR": 47.760000000000005,
            "CSL": 2.0,
            "AverageCompletion": 45.08
        },
        "situation": {
            "HSR": 60.0,
            "SSR": 64.138,
            "CSL": 2.5,
            "AverageCompletion": 62.069
        },
        "style": {
            "HSR": 85.334,
            "SSR": 92.73400000000001,
            "CSL": 3.9,
            "AverageCompletion": 89.034
        },
        "format": {
            "HSR": 60.0,
            "SSR": 77.1,
            "CSL": 2.3,
            "AverageCompletion": 68.55
        },
        "example": {
            "HSR": 0.0,
            "SSR": 0.0,
            "CSL": 0.1,
            "AverageCompletion": 0.0
        },
        "mixed": {
            "HSR": 32.942,
            "SSR": 40.962,
            "CSL": 1.2,
            "AverageCompletion": 36.952
        }
    }
}