{
    "HSR Levels": {
        "Level 1": 72.334,
        "Level 2": 71.726,
        "Level 3": 54.028000000000006,
        "Level 4": 54.39200000000001,
        "Level 5": 41.529999999999994,
        "Overall": 58.802
    },
    "SSR Levels": {
        "Level 1": 72.334,
        "Level 2": 75.184,
        "Level 3": 63.403999999999996,
        "Level 4": 62.364,
        "Level 5": 59.732000000000006,
        "Overall": 66.6036
    },
    "CSL Average": 2.0833333333333335,
    "Type Completion Values": {
        "content": {
            "HSR": 44.0,
            "SSR": 48.92,
            "CSL": 2.0,
            "AverageCompletion": 46.46
        },
        "situation": {
            "HSR": 66.364,
            "SSR": 71.574,
            "CSL": 2.5,
            "AverageCompletion": 68.969
        },
        "style": {
            "HSR": 88.666,
            "SSR": 95.40200000000002,
            "CSL": 3.9,
            "AverageCompletion": 92.034
        },
        "format": {
            "HSR": 57.33600000000001,
            "SSR": 73.28,
            "CSL": 2.3,
            "AverageCompletion": 65.308
        },
        "example": {
            "HSR": 0.0,
            "SSR": 0.0,
            "CSL": 0.0,
            "AverageCompletion": 0.0
        },
        "mixed": {
            "HSR": 37.64399999999999,
            "SSR": 43.842,
            "CSL": 1.8,
            "AverageCompletion": 40.742999999999995
        }
    }
}