{
    "HSR Levels": {
        "Level 1": 63.522000000000006,
        "Level 2": 57.474000000000004,
        "Level 3": 51.434000000000005,
        "Level 4": 49.54600000000001,
        "Level 5": 37.019999999999996,
        "Overall": 51.7992
    },
    "SSR Levels": {
        "Level 1": 63.522000000000006,
        "Level 2": 64.048,
        "Level 3": 61.236000000000004,
        "Level 4": 59.678,
        "Level 5": 56.184000000000005,
        "Overall": 60.9336
    },
    "CSL Average": 1.7333333333333332,
    "Type Completion Values": {
        "content": {
            "HSR": 33.6,
            "SSR": 40.454,
            "CSL": 1.2,
            "AverageCompletion": 37.027
        },
        "situation": {
            "HSR": 57.274,
            "SSR": 61.438,
            "CSL": 2.4,
            "AverageCompletion": 59.356
        },
        "style": {
            "HSR": 84.00200000000001,
            "SSR": 93.188,
            "CSL": 3.6,
            "AverageCompletion": 88.595
        },
        "format": {
            "HSR": 50.001999999999995,
            "SSR": 67.668,
            "CSL": 2.0,
            "AverageCompletion": 58.835
        },
        "example": {
            "HSR": 0.0,
            "SSR": 0.0,
            "CSL": 0.1,
            "AverageCompletion": 0.0
        },
        "mixed": {
            "HSR": 34.118,
            "SSR": 41.92,
            "CSL": 1.1,
            "AverageCompletion": 38.019000000000005
        }
    }
}