{
    "HSR Levels": {
        "Level 1": 68.406,
        "Level 2": 64.672,
        "Level 3": 57.763999999999996,
        "Level 4": 53.68000000000001,
        "Level 5": 43.396,
        "Overall": 57.583600000000004
    },
    "SSR Levels": {
        "Level 1": 68.406,
        "Level 2": 70.16,
        "Level 3": 65.036,
        "Level 4": 61.198,
        "Level 5": 63.91200000000001,
        "Overall": 65.7424
    },
    "CSL Average": 1.9166666666666667,
    "Type Completion Values": {
        "content": {
            "HSR": 42.4,
            "SSR": 49.174,
            "CSL": 1.9,
            "AverageCompletion": 45.787
        },
        "situation": {
            "HSR": 58.184000000000005,
            "SSR": 63.745999999999995,
            "CSL": 2.0,
            "AverageCompletion": 60.965
        },
        "style": {
            "HSR": 82.666,
            "SSR": 93.47800000000001,
            "CSL": 3.4,
            "AverageCompletion": 88.072
        },
        "format": {
            "HSR": 64.666,
            "SSR": 76.49000000000001,
            "CSL": 2.9,
            "AverageCompletion": 70.578
        },
        "example": {
            "HSR": 0.0,
            "SSR": 0.0,
            "CSL": 0.0,
            "AverageCompletion": 0.0
        },
        "mixed": {
            "HSR": 40.002,
            "SSR": 45.824,
            "CSL": 1.3,
            "AverageCompletion": 42.913
        }
    }
}