{
    "HSR Levels": {
        "Level 1": 70.516,
        "Level 2": 64.28,
        "Level 3": 44.014,
        "Level 4": 49.724000000000004,
        "Level 5": 33.978,
        "Overall": 52.5024
    },
    "SSR Levels": {
        "Level 1": 70.516,
        "Level 2": 70.194,
        "Level 3": 57.572,
        "Level 4": 61.378,
        "Level 5": 52.96199999999999,
        "Overall": 62.5244
    },
    "CSL Average": 1.7833333333333334,
    "Type Completion Values": {
        "content": {
            "HSR": 40.0,
            "SSR": 45.214000000000006,
            "CSL": 1.9,
            "AverageCompletion": 42.607
        },
        "situation": {
            "HSR": 65.454,
            "SSR": 70.818,
            "CSL": 2.7,
            "AverageCompletion": 68.136
        },
        "style": {
            "HSR": 79.99799999999999,
            "SSR": 91.634,
            "CSL": 3.4,
            "AverageCompletion": 85.816
        },
        "format": {
            "HSR": 50.0,
            "SSR": 70.112,
            "CSL": 1.8,
            "AverageCompletion": 60.056
        },
        "example": {
            "HSR": 0.0,
            "SSR": 0.0,
            "CSL": 0.0,
            "AverageCompletion": 0.0
        },
        "mixed": {
            "HSR": 27.060000000000002,
            "SSR": 34.844,
            "CSL": 0.9,
            "AverageCompletion": 30.952
        }
    }
}